X,Y
1.442857996,2.293859064
-6.272560963,7.895019935
2.930601807,2.400839999
-8.881059085,9.257318117
5.722457473,5.578917644
5.209754937,5.612594089
-4.171835463,7.18607402
0.626477815,0.658239689
2.22178568,2.378166141
-4.415097922,3.665155846
-9.11004522,9.571586207
-6.014923725,7.87061996
-2.014962775,2.616813212
-9.037753336,9.574728761
-8.338847575,9.067230108
5.55323122,5.155087109
-4.894066657,6.869219363
-4.979602866,3.398778021
-2.427955333,2.193773471
-5.104398175,3.88618736
-9.175661212,9.238276847
-3.067678871,2.450659697
-3.015126892,1.62411766
-2.90231455,2.957241182
-3.038789024,3.057195806
0.868475368,1.867371633
-2.397673405,1.947264163
-2.464428335,2.117799332
-8.815652302,9.335311999
2.34719595,2.149373719
-6.795992714,8.332752586
5.85556403,4.652692396
-5.699901804,7.047402513
3.129527162,1.400982457
-4.862103757,3.920982445
5.895483452,5.320532488
-1.814877755,2.701647892
-9.006703861,9.705379983
-8.878497485,9.638495435
-5.138980318,7.701218441
-8.822181007,9.577315165
5.055816457,5.101869108
6.257525391,4.6212052
2.084956314,2.942512853
-5.209430285,3.636784394
-9.083137073,9.112013913
-4.903846653,3.942637038
-9.063850712,9.894541004
1.753071094,2.458317726
-5.108013534,3.246333513
-1.896602204,1.98654902
-5.235379274,8.014573459
-5.567803827,8.530405072
-4.821515957,3.564883956
-8.875948896,9.484523124
-5.398446612,3.526335457
-8.409275273,9.100279723
-6.22922268,7.150474117
5.780349818,5.551655274
-2.437177973,2.965709738
1.408599025,0.844679664
-4.96624591,3.755102195
5.432101694,4.783450526
-5.327571333,7.733120782
-4.787921907,7.649314954
0.402490334,2.141787324
-9.640535421,8.956418702
-5.357316068,6.842563172
5.733220105,5.208078427
0.983861942,2.937371031
-6.046033121,7.657374361
-4.831776401,3.91585996
5.126641263,5.706005974
-4.691493039,3.332596587
5.653041055,5.480060391
-3.321713336,1.869681556
-4.35627612,4.212773249
-1.973816357,2.391165399
5.990183822,5.070690299
-8.433501364,9.746713832
-5.99999475,8.100174056
-3.758778866,2.277009461
-5.071485194,4.082712984
-5.340747587,7.150461695
5.019208761,5.449332314
5.893727222,5.27015355
5.56549187,5.313211496
-9.141349032,8.710382363
-8.323492552,8.619394729
5.57209807,4.743017047
-5.16453801,8.759054341
-8.051558374,9.562411862
-5.024783857,3.806496903
-3.332405888,1.185858639
-1.648853687,2.187046922
-5.300480936,8.056910173
-5.438981983,8.041819256
-8.644132623,9.559872714
5.313072299,5.001730192
-6.024678263,6.818553702
-5.864751262,7.662412925
-5.841986548,8.110026817
-6.281275226,8.138261684
-4.492276586,3.601448968
5.831655974,5.818630425
5.414212336,4.729293814
0.581720144,0.733765853
-5.080926298,6.755392752
-0.468595379,3.318252706
-8.783514521,8.684677273
-3.627204822,2.727666282
-2.412052785,2.923161053
-9.187906519,9.987043285
-8.57032525,9.240408326
-6.981560735,7.057381727
-1.946031011,1.149957422
-4.65080132,3.431590479
-7.023325415,6.713211075
1.495440013,1.624563173
1.876500704,3.69053412
6.407518877,5.72771145
-3.238372426,1.931783157
-4.931434614,4.203090327
-8.486569779,9.633184158
-5.977462639,6.467019664
-2.022288087,2.387014524
5.351200303,5.416793732
-2.406468784,3.180096798
-2.692795948,4.054584832
5.709320824,5.392570431
1.809530084,1.779594745
-2.015091208,1.194360047
-7.375837676,7.235538985
-2.675763291,2.740403818
-8.360982135,9.92050804
-4.738247831,3.266339743
-4.717580621,7.346365489
-2.507234109,1.519925087
-9.877141394,8.527365547
-4.859963264,4.168499627
-4.59652113,3.696768401
-3.280096984,2.312899821
1.238633002,0.84799772
5.670635351,5.361737995
-2.8384388,2.582700834
-1.895188505,2.09782194
1.482042478,2.920234077
-4.634448982,3.485404952
5.791390212,5.821933932
-3.60412315,2.717760362
-2.921978076,2.115211793
-3.257309783,1.89419582
-5.55958212,7.766258155
1.234688156,4.109361863
-4.238895635,3.760025686
-1.748709223,3.298582539
-4.61152705,3.619017184
5.501044244,4.986966843
-3.664886181,2.156508202
-5.84025602,9.218393093
-5.163728901,7.344096698
-4.919287687,2.77530153
-4.915292833,3.69204062
5.562884151,4.953312094
-6.198301554,7.38014684
-2.595365718,2.332583951
-8.655286277,9.581429591
-8.945891834,8.999503473
-5.072697555,3.705154956
1.740627716,0.778495254
-2.263720151,2.940310778
0.89217419,1.114031159
-6.784265269,7.513258165
-4.626849073,3.950972508
-2.971736768,2.361291743
-4.64698583,4.087992635
-3.646752711,3.230192911
5.87546009,5.817374722
-2.050002518,2.348632616
-8.326005622,9.345176555
5.709612377,5.900127518
6.075799731,4.841968781
-5.104060963,4.10080928
5.680115505,5.818754077
6.11394264,5.475325323
2.223093537,2.594640756
5.780131095,5.587422704
-0.277671258,2.978270221
-3.007080043,3.430798983
-4.551727367,3.549294476
1.268027241,1.737276139
-8.516211505,8.276117283
-8.934399764,9.460786447
-8.16526977,9.022343189
6.3057772,5.420617897
5.422673127,5.549072996
-0.062466654,1.932059459
5.80189324,5.161945966
5.72635207,5.671252511
0.928246903,2.854849402
-4.975338086,3.944091162
-5.340521452,8.00125417
-6.442642012,7.32506424
-8.212445514,8.849277266
-4.867566478,3.876960058
-8.864414586,10.30742469
-8.876945345,9.43841142
-4.685245116,3.975505844
-8.895324056,9.562957006
-8.691186972,9.514156529
-4.259925382,4.229585139
1.42085896,2.614865102
-5.71466405,8.469210409
-5.107805853,4.321311261
-8.142222337,9.453826394
-5.62636351,8.214793437
-5.500283875,8.311488223
-4.707369731,3.707734641
-4.72217188,3.911650339
-1.902534318,2.016585118
-9.809057856,8.986013543
-2.699213774,1.865072946
6.227100142,5.735133698
-6.680289301,8.494626921
0.880942521,1.917518992
0.616441877,2.88280869
-6.316658559,7.527087541
-0.245397412,1.421260563
5.350507029,5.064095014
-5.247369924,8.573642654
0.54518275,2.504126704
-4.371713688,3.520784231
-4.033565809,3.246317641
-1.564489046,2.069444108
-0.034685339,0.909613989
-3.216414606,2.509924509
6.157845243,5.563208348
-8.870353328,9.176507045
-9.118782444,9.40332682
6.401327408,5.214906813
-4.959192935,3.821515419
5.764613333,4.804301185
-5.15620704,8.667564355
-4.50162893,3.620065348
-1.719355857,2.326445757
6.804324553,5.490048472
-8.355011365,9.19801046
-4.785276275,4.024836977
5.652907313,5.082611491
-4.978050923,8.254441518
-8.685482974,9.453048036
-5.490714548,8.321304193
-2.515766034,2.685704067
6.402896216,5.102991661
6.041852514,5.67440468
-2.747622961,1.80303313
-6.322129111,6.832480499
-5.606156205,7.412808984
-6.135704888,7.251061615
-8.871335394,9.736310211
-6.471478485,8.658452002
-8.630214875,9.383405527
-9.819075113,8.820036872
-9.290232099,8.788841053
1.585851644,3.012908289
-2.48783453,2.065883303
-4.846759598,3.686359598
-4.667446305,3.945926795
3.02998397,2.405358213
-8.809117566,8.432938562
-6.316041816,7.989624736
-6.983423851,8.074035243
-5.338305505,4.129800822
0.140465185,3.895641272
-6.718864242,7.495554244
-8.56727651,9.203974976
-8.392509801,8.671246535
-5.815710452,7.138275869
-4.509751316,4.103805958
1.959299795,3.192578206
1.036478768,3.175462852
-4.828650158,3.484150146
-4.683065769,3.882204521
-4.527970299,4.064679649
1.509119999,0.912947022
-5.602373751,6.535235645
-2.389473028,2.822045359
0.826519018,1.72392881
-3.002662425,3.468952794
-8.567942741,9.144902086
-8.954238987,9.686392821
-5.967313622,8.170934616
-5.395884489,3.530495997
-9.532919279,8.965004817
-4.957894116,3.514753447
-5.729573064,7.441549697
-5.040240193,3.538750328
-5.530461741,8.27709073
-2.661776681,1.923164728
-3.196363276,1.95245343
1.550790284,2.604330835
6.22405022,4.182086095
-8.285110621,9.122828682
-8.618036503,9.039046799
5.612736726,4.901593637
5.668118902,5.097050412
1.69114131,-0.178505728
-5.585840284,6.599288238
2.277161381,3.346898319
-5.813903277,7.130477755
-9.037862495,9.320808206
-2.666741933,2.63419276
5.270143466,5.566081474
-8.208274713,9.469965316
-4.459874397,4.009776612
-8.756189283,9.75003042
-6.62065899,8.162309582
-9.336057016,9.395084407
-1.998758513,2.058218579
-3.732090444,2.125174262
2.839659261,0.909872468
5.252056112,5.592461754
-8.814708349,9.114147365
-4.64389451,3.883355667
-5.612014279,7.549388727
-9.077266455,9.925490808
-8.860902638,8.704804481
-2.978162244,2.612693789
-4.809106278,3.588443465
-4.933045117,8.255762287
-5.808984468,6.469525201
-8.718476145,8.400294355
1.701071543,2.112305488
-5.118174597,7.233641786
-8.665655193,9.658346954
1.429925395,1.804373172
-2.76919834,2.777220289
-4.846083768,7.465172646
3.475229903,2.375338944
6.113097593,5.601385218
-4.78823147,4.090351509
-2.594384522,2.302900954
-3.592967453,1.734624529
-5.558805558,7.755814138
-3.837166482,2.479825075
-6.608755232,7.785978698
-1.747346123,1.934307947
-5.325615446,3.97315424
-2.390143489,3.302664329
-2.930339135,1.009042523
-4.799258612,3.671331215
-8.246612348,9.440581871
-2.741769501,2.509890689
-4.669507138,4.052259178
0.570060932,3.676995544
-4.694959192,4.000766211
0.919827406,1.408050869
-6.031997607,9.893838202
0.597966037,1.564989626
-2.377639444,3.076226507
5.215528381,5.76818461
5.980809643,5.276317397
-4.797357749,4.0468212
-5.575081767,8.627978716
2.252164462,1.526331966
-2.256873668,1.75279242
1.193522512,1.993241228
5.981801453,5.25237831
-0.916733358,2.914373019
-5.0940089,3.957367836
2.62594644,3.58105565
6.384148709,5.325030547
-4.805682359,9.103680433
-0.626879214,2.764842898
-5.149980302,3.682529429
-2.809630392,1.563476924
-6.332956155,8.249490257
-4.938811974,3.92184937
1.940382454,0.960772066
0.862794682,2.883099106
2.256429692,0.109319836
-9.001090862,9.507617337
5.722335474,4.83633165
-4.610688719,7.774782237
5.950464079,5.101341235
-4.623795853,6.216865122
-4.541518941,3.976732744
-8.734918612,9.602956114
-6.409158144,7.707752415
-8.524779444,9.303941761
-8.579380401,9.788430586
-3.248074067,2.004037351
5.756458527,5.509804733
-8.554860295,9.599260881
-2.412597611,1.842351763
6.104263988,5.264374152
-8.920494209,8.88717386
-6.101216796,7.150181106
-8.904423751,9.092820754
-4.907599586,3.572321228
-9.0141006,8.895328476
-8.432167593,8.948253286
-8.922851131,9.221523936
0.395231736,3.173245172
1.295434608,1.654812972
0.229593274,2.073826048
-5.157531244,3.578892324
6.315281424,5.064694878
5.564898246,4.451060211
-2.323984857,1.747207835
-9.022352755,9.038808257
-6.211045306,8.087209626
6.471807763,5.058995754
-8.586020448,10.02685895
3.275138057,1.69781443
-8.803582885,9.290375078
-3.280935791,2.296465474
1.908475266,1.742231322
-4.741282971,3.83171974
0.593136827,1.24261182
-5.296581893,7.056376529
-9.198876903,9.480244863
-4.804661656,7.957618022
-8.593960974,9.208274161
-3.620848997,1.625331927
-5.721628149,5.927899222
5.507526793,5.038936138
-5.387278245,3.779108993
-2.553113034,2.433482319
5.102492716,5.248311135
-8.480646494,9.340047277
-2.110237452,1.960557376
5.65086943,4.768087357
5.484430789,5.300826229
-2.947590092,2.358544977
1.179382069,2.575060156
-4.254212665,7.056145663
-5.416014445,3.354271987
-5.832685401,7.805611166
0.800854384,3.976108933
-2.30380633,1.913275591
0.549796582,1.131820626
5.732696694,5.621015038
-3.477514043,2.377947604
0.502895019,1.564971734
-2.678338152,3.189859311
5.035700449,5.554565144
-6.146248097,6.422434794
-5.125573225,3.610616478
-8.530480622,8.672950248
-4.387988964,3.709528546
-5.526584582,7.837277194
2.541385195,3.200083006
-8.068477402,9.22134678
6.544022269,4.701090543
-2.393956596,2.089276706
0.689684562,1.441067224
-5.163003922,8.20989998
-1.099605011,2.424402886
-8.547935523,9.430321113
-8.974125141,9.267225834
-5.356811759,4.193338129
5.840573594,5.401031094
-8.703962125,9.770459828
-8.850140317,9.029628745
-4.707696708,3.727261532
-4.903857969,3.673172019
1.5815641,2.444111752
-4.491153344,3.727728322
-2.963784581,2.565112203
-4.947248184,3.726861422
-1.842878107,2.414064673
-8.54374316,8.062677947
-2.159018762,1.804371151
-1.714361102,2.629984528
-5.589482282,7.756095064
-6.755746835,7.380054918
-5.390202531,7.181589313
6.057444846,5.573725991
-4.708118282,3.768045724
-1.466213121,2.589361316
-5.462056062,3.911619863
-1.898222649,2.681966949
-2.366948526,2.836040001
-2.809776798,1.707877618
6.142487483,5.299754729
-6.070397347,8.714595635
-7.027643202,7.273807279
5.999801099,5.010446125
-8.153427319,9.138093231
5.766755078,5.329003073
-9.201399201,9.643883447
5.449471029,4.588276514
-4.566350047,3.784675261
-2.06126591,3.185482495
5.629262364,5.614220793
-5.956903888,8.247922172
-5.73599316,8.014474299
0.736534067,0.954856499
1.856942328,2.350054116
5.76208982,5.777234369
-5.186737984,6.733372426
-5.719518664,7.158288499
-8.837283058,9.741874857
1.026381679,3.55673034
-8.505262731,9.055948331
6.944426876,5.055963982
6.064388777,4.999190314
1.600127353,2.476102788
-5.136546607,7.596577559
-6.470568003,7.63942298
-8.517699545,9.196800165
6.00211975,5.195457434
5.929322939,4.97259098
5.968418786,4.903495097
-4.859840685,4.011316356
-7.242663552,7.312085249
-9.234781797,9.335429275
-5.476189466,7.911430569
-5.050222277,3.526150114
-1.840933157,3.024064271
-6.468311581,8.046056028
1.319717841,2.017398163
5.980970939,5.418073038
-4.108297578,3.80500597
1.432010966,3.458785885
-2.574206945,1.888289394
-5.214138929,8.748070003
0.385355921,2.590082964
-8.914811242,10.09118581
-5.430747029,6.987979187
-2.860103363,1.730420417
-3.061896732,2.424958024
-9.119752858,8.72023271
-8.704182447,9.654218604
-9.261741546,9.441417379
1.003406032,2.473210087
-5.961472298,7.485484638
0.998391757,3.216898185
6.339961793,4.654894034
-4.662611916,3.508205049
0.92209483,2.093969281
1.288679294,3.77163724
-1.23179035,2.436849887
-8.651969156,9.241453191
-6.291469923,7.93355681
1.785449422,2.592352374
-6.978355871,7.888555233
4.568602038,2.536545516
-5.179660813,4.350795327
0.984040127,2.21320626
-2.745104419,1.675543797
-8.890253897,9.099432605
-4.483256675,3.907816341
-2.262075525,3.186055761
-1.897275271,2.202195264
-4.79082252,3.423739861
5.760316308,5.245742185
-3.468528341,2.170381284
-5.467013224,6.45054219
-8.637819712,9.67681263
0.646535817,1.521522592
-2.439320033,3.676111256
-7.680374721,9.111258952
-5.266571425,7.86987667
-5.079285962,8.007604375
5.646630751,4.944057256
-2.356785733,2.092861169
1.34117198,1.180964627
5.348037733,5.546179564
6.703978795,5.647615732
-9.30117551,9.055974432
-7.551023008,7.941932029
6.061882281,5.657740922
-4.927506971,3.611392415
-4.698259495,3.673647747
3.173320781,3.103772047
-8.518697873,9.7449942
-6.655129765,7.645058113
-4.786103027,3.539725988
-6.199018412,8.245781088
1.361245441,2.319558695
-7.564155273,9.956064092
-4.670495012,4.280645643
-5.057366666,3.934040208
-8.624828706,9.681581
-9.093642042,9.409030265
5.71858928,4.383432008
-8.894030886,9.160797175
5.280468046,5.418777884
0.977775909,3.151476235
-8.626071246,9.335787373
2.238108256,3.392474088
-5.169046365,7.53311821
5.093823733,5.450823343
1.819918288,2.327225843
1.474790491,1.346004048
1.072078052,1.901076267
-4.746583152,3.831683194
-4.902746304,4.107208252
-8.825061115,9.275380066
-9.311525361,8.954679178
-2.543433957,2.417050624
-6.908349153,7.657999652
-4.397455653,3.988591825
-8.525431053,9.641664287
-4.473039898,3.702215911
-6.263306536,7.987056302
-5.651652566,7.094673671
-8.396205364,10.00590484
-2.098000261,3.021988811
-5.107762147,3.811038195
-2.663603139,2.509168337
6.227085071,5.725044068
5.50297859,5.728988053
1.754510134,1.561124835
-4.327507528,4.070295655
-4.576744339,4.085400757
-9.667402813,9.132782717
-3.438190654,1.955769254
-9.369434697,8.732543731
-8.309678681,9.515435205
-8.652265336,9.752489814
-2.329146657,4.349437609
-5.860308795,3.361204261
-4.749952636,3.270412314
-8.377020749,9.129014429
-5.183687655,3.28864361
1.122391605,1.951762092
-2.124292918,2.10895874
-4.947419006,7.756171648
-4.69154524,4.13101578
5.936352276,5.417880463
-8.899107299,9.320824161
0.922391501,3.767466521
-3.298270216,2.944630568
-8.266907685,9.143072768
-4.654289478,3.339617541
-2.541746542,1.347221558
6.489858358,5.719012663
0.191764789,0.29812725
-4.777488715,3.869161233
1.331119502,2.619958834
1.838736938,2.660908914
6.460279876,5.361734214
0.624841978,2.478336551
-9.11908832,9.672044322
3.00235061,2.995206175
6.228092818,5.033615871
0.993860653,3.168575222
-4.898296603,3.937518044
-2.709861745,2.228706238
-3.062720547,2.733777098
1.246961544,2.176074729
-4.71744205,3.698346796
-7.446355027,8.880497605
1.010150534,0.718961793
-2.522794339,2.837597529
-4.884179989,3.752855655
-0.140389755,3.497280159
-4.746058003,4.347797047
2.779683628,3.82504883
-6.100050312,9.020746501
-4.431266414,4.174172281
-3.21424969,2.331328662
-9.055640442,9.636207194
2.575366155,1.919753123
-8.204891318,9.376962601
-4.924679975,3.750215349
-9.248827909,9.788016146
-4.993035159,8.266269723
-4.568363746,3.721417872
5.565492521,5.373072455
-0.168259689,3.269341539
6.564807545,5.394920739
-6.415482212,7.976110454
-2.030107086,2.113979407
-2.85657344,1.708769174
-4.806273004,8.543377478
-5.677044023,9.077632717
-8.780694592,8.629769975
0.582512168,2.264385651
-5.854898361,7.913503263
0.975083158,2.211499327
-4.993702658,3.314240769
5.515578722,5.498450169
0.302731769,2.489382132
2.119460715,1.313619384
-9.221712988,8.594590028
-8.439646516,9.414277475
-8.85422854,8.878687889
-2.933092359,2.652356551
-4.587172492,4.041055463
-0.895095417,2.582293151
-2.831061711,1.605203841
-2.673378112,1.60718624
-9.07355775,9.255434245
-4.807733125,4.097130866
-6.656147238,7.377312083
-6.587492224,8.712486657
1.59693652,2.995813122
-4.784098287,3.664980834
-8.262671727,9.124789028
-2.455991278,3.050873984
6.303618428,5.705938692
-4.003106389,3.639728227
6.027224755,4.998865121
5.781845588,4.71972852
-2.91273662,2.301349269
5.956618277,4.722751337
-5.318659208,8.009203362
-5.122159426,4.098157601
-4.773808141,3.301481565
-2.538051644,1.509240965
-8.324276194,9.306316293
0.907325151,0.702408547
1.397888209,2.68039889
-2.019498288,1.788453262
5.995312902,4.195393013
-8.482493936,10.14938637
5.726475952,4.734661351
5.838514405,5.113785867
-4.237590893,4.184582536
-1.956032076,1.211100059
-8.578316383,9.842655135
-5.464073565,7.653924128
0.422521262,1.260567906
5.907764652,5.090158152
-6.128480069,8.161430106
5.164700617,5.403189134
-5.03543955,4.087883087
-6.526388073,7.650093056
-2.898955938,3.588968794
-2.383376643,2.506975856
0.738380989,3.011718816
6.282512878,5.692222794
0.523546923,2.486142585
-2.320036785,3.031246069
-9.010880679,10.0938788
-4.978443069,3.988057554
-8.179732137,8.463199018
-5.674178385,7.438136508
-8.804046297,9.855080337
-5.783133382,8.228303366
-5.46346871,8.06478365
-6.463010835,8.148535326
-5.937813148,7.440541218
5.968798496,6.138850403
-2.559084415,1.917736234
-1.897544017,2.837412592
5.495108489,5.5765426
-2.049018669,1.601509536
5.389568975,5.171346059
5.793268182,4.824099998
6.10931787,5.001551231
6.026577952,5.435172083
1.557198528,2.144263478
-8.641983722,9.7476803
-2.683449037,2.898017956
-4.721986068,4.062145132
-6.062617883,7.873365428
-4.927670701,4.276121117
-6.244667974,6.924598557
0.225536625,0.979901176
-4.340261796,3.38015463
1.675012474,0.424592545
-1.599260902,2.025403672
-5.017717574,3.979930792
-8.927026677,9.252810593
1.14149633,1.231828933
-8.725649863,9.408152853
0.341533471,1.252334015
-4.591203884,4.01122684
6.32530358,5.370675739
5.743167915,5.087791083
-7.076827016,7.426264754
5.75484924,4.929702183
-0.302881778,2.721211945
5.770250013,5.591111663
5.758250381,5.304731408
-4.907617401,6.78217048
5.538384342,4.821350886
5.822018694,5.220949648
1.430234016,3.55626224
-3.239250376,2.053577968
5.890879871,5.749981833
-2.100182022,1.443842004
-2.340369457,1.040345809
-5.903868932,8.159747844
-6.193700589,7.908511774
-6.083600634,6.846295263
-1.590312371,2.233987547
6.672783827,4.967949137
5.423888354,5.24748974
-1.814105857,2.802914627
6.506464351,5.168234499
5.695069207,4.787296832
-8.688133096,8.657716687
5.709717464,5.683668328
5.961423949,5.249325265
-3.095367815,3.158161857
-2.317092011,3.42856086
-2.269497108,2.639758291
-8.648837997,9.088309412
-5.661391041,7.231534106
-8.434446191,9.037143652
-6.205249079,8.489472315
-9.203347806,9.694265582
-5.656816839,6.678012408
4.880300449,5.329532743
6.557654441,4.616548146
-6.722981053,7.827800027
-2.01242726,2.585760636
-5.93605328,8.106412039
-8.739731738,8.856106575
-5.899453802,7.738879566
-5.046163495,3.893196134
-8.654906834,9.305802726
-5.114186752,3.694514196
-2.34128551,2.125718671
-4.563061396,3.744723561
6.175540708,5.358826345
-5.956145838,9.49299506
-2.914460506,1.573365714
-4.959209311,3.594863681
-2.382087076,2.302737863
6.173297463,5.543233161
5.712202198,5.20909894
5.792357443,5.551347215
0.83567543,2.320189865
-2.22155946,2.712834691
-1.51974158,1.914152457
0.380483942,2.460080578
-5.061137762,4.034640959
-8.655605834,9.514555045
-2.722911378,2.954462426
-6.507420283,7.774180816
5.563043363,5.31566746
5.968320392,5.608790972
5.856226183,5.232383177
-6.147113995,8.205672636
0.950887936,3.435417124
-2.364703869,1.935302444
-8.454629322,9.00475641
-4.642945791,3.498772718
2.380189696,3.63879904
-5.993914321,7.772966238
-8.670600295,8.520088864
-5.584146337,8.380390082
-1.540348521,2.131358182
1.378446516,3.007059393
6.255422646,5.234700642
-8.520163468,8.840756669
-9.126546046,9.397473216
6.232962704,4.977040927
-4.933129901,3.577340861
-2.199521122,2.122469125
-4.851311814,3.999805656
-6.747406893,8.460515366
5.644458307,4.990500861
0.431572721,1.238795904
-4.593089247,4.163224919
0.074629238,1.412738768
6.021832125,5.349552362
-5.109488643,8.157159427
2.267429067,1.164498423
-8.646443317,9.719226233
2.028822531,1.227062542
-1.718849899,3.306288584
-7.542429578,8.708169032
1.626931635,3.034889436
2.586591228,0.190796962
6.170520719,5.280399082
-5.608370434,8.007525039
-8.429364674,8.727139153
1.923007979,3.158936333
-5.024045862,4.410082665
-9.118605595,9.80763728
-8.947777545,9.98268537
-2.888872208,1.730384019
-4.212873571,3.695240552
5.534432891,5.315464141
-4.290543636,3.802431114
-4.995949426,4.031088872
-6.100419784,8.410351012
-4.958393754,3.935446404
-4.172915362,3.846827381
5.428270474,5.464718732
-8.357067025,8.888514499
6.443452806,5.27912655
-8.692795453,9.104496056
-5.476687533,7.693657295
2.099805419,1.527644324
-4.676874739,3.9894543
-8.606268624,9.186628919
-6.160760973,7.516903789
5.925459427,5.140522687
-9.397765838,9.360609162
6.289862845,6.165708825
-3.98385268,3.905815318
-5.672736871,6.114401074
6.121282498,4.745997179
-4.198345293,3.881722143
-4.823541557,3.621901063
-9.380788436,8.749209179
-5.045066892,8.08800666
6.052687427,5.36908468
-5.548415468,8.022877235
4.981926988,5.542833818
2.130696541,2.101313604
6.104105754,5.616542698
-5.782615749,7.528862606
-8.494740536,8.962184156
-6.425732509,7.399821103
-2.855167631,0.85213112
-9.314110463,9.510722255
-5.577810359,8.556316684
4.974234079,5.035136264
0.319287671,2.102859186
-4.692769014,3.863597835
-1.466959278,2.887029629
0.741319798,3.108583802
-8.948846274,8.609561539
5.991170278,5.174546185
5.953248741,6.199038021
-6.082265158,7.546809196
-3.221744305,2.280369831
-4.52784311,3.596062778
-4.464282498,3.412927611
-4.650933782,8.453635253
-8.214295884,8.005336324
-5.236442968,3.753574183
-8.884005854,9.317268026
-3.207072598,2.175684948
-2.545335843,2.605365927
0.029353909,2.400464359
-5.197400374,7.860235313
-8.118535334,8.724974774
-2.352523421,2.337465128
-5.719954123,8.007092151
5.725855784,5.475401897
-5.079594723,3.909305512
-1.935191467,2.37696136
2.053389657,2.421187055
1.490511509,2.509178717
-5.704722622,9.48428448
-6.064501326,8.514551394
-4.698666618,7.193901899
-6.075177181,7.014949537
-9.252896142,8.645877774
-8.553410288,10.21712206
-5.964676587,9.099022114
-8.761806246,8.856273508
-4.419384785,6.533580863
-2.662921524,1.091414031
-4.782843136,3.940317467
-4.441837134,3.73925019
0.500221779,2.241089252
-4.274189768,8.511606267
2.373034261,2.036203963
-3.170486106,1.545987471
-8.549520684,8.973802593
-8.225976076,9.635048847
-8.820503891,10.07910637
-5.536094692,7.596801141
-8.163387977,9.232858338
-2.071266804,1.493726214
-4.97036258,3.590246415
-2.208090775,2.004455042
-2.190187561,1.315238143
-5.768342254,7.63292118
6.855415521,6.092874132
-4.706902141,3.981216409
-4.762840204,3.738968079
-2.857201376,1.567904719
-8.576595667,9.850199026
0.717538899,1.823473368
-5.24778364,8.830163662
-0.912728468,2.37009811
1.601850465,2.482059438
-6.697325438,7.732266424
-7.40804468,7.830851801
-2.88396618,2.156251807
1.272148848,2.024456181
5.676558305,4.921060921
-4.68656369,3.364773627
-8.806182445,8.798511299
-8.130780304,9.230055076
-4.262441611,3.627642387
-7.522188099,7.329694444
1.816897124,2.187526352
-8.540072634,9.102738718
-2.078685608,2.424584693
5.808897895,5.128372563
1.822053122,2.422844521
5.60552911,5.391791904
-8.718573476,9.241816166
5.302592994,5.094029111
1.130431885,1.169385322
-7.962418912,9.313874296
-5.692012772,7.596072199
5.802819076,5.921614079
6.110131604,5.203618314
-4.941818285,3.742463379
-8.469510135,9.426116451
-2.102540005,2.329771934
5.793220602,5.515895397
-7.780597078,7.191359924
-8.353386619,9.973072328
-5.158505906,8.11339828
-5.08891906,4.215676314
-1.885943034,2.324318699
5.665924983,5.597605294
6.2083877,5.101655229
-8.5644609,9.620804718
-2.951999241,2.495172253
-4.918440822,3.439621713
-4.770382648,3.25922185
5.52705106,5.149032385
-4.860852461,3.607248971
-5.906539812,8.696717717
-0.074539414,1.795580719
-1.858394032,2.337616484
-4.56091939,3.983065064
0.541573039,1.998770723
-5.262251397,4.181216874
1.996399158,1.481793578
-3.396124933,2.442452437
-8.631651369,8.722333684
-4.786726702,4.176276095
-2.523084123,2.444752742
-7.688287269,5.989431966
-4.651885019,4.164951507
-1.841376842,1.980035589
-4.94102734,4.085368878
-3.001511482,3.178921615
-2.155309503,2.333371503
-9.006548198,9.863940525
-4.610317759,3.950802283
-1.841890476,2.046506865
0.903560857,0.828376729
-4.49527779,3.397084914
1.910769632,0.96336246
1.844155473,2.889166355
-8.591048514,8.83213266
-2.800020771,0.376418903
-2.646819598,2.405879269
-4.654012784,4.285668024
-8.636604702,9.556190448
-4.416095659,6.183895
-9.55430119,9.5228716
-9.248649801,9.361493912
5.591611066,5.383888823
-2.079590287,2.638843653
0.581574221,3.07667306
-4.933115891,3.778482245
-4.474000393,3.632660314
-9.02873257,9.258021375
-8.723859668,9.886646842
-5.89434231,7.035125348
-8.314168181,10.02138162
0.843011923,2.349354374
5.526268324,5.215947733
-8.798135104,9.532996173
-6.223380907,7.443319628
1.137053619,1.518080008
-0.810042741,3.374802103
6.328655059,5.178018902
-2.007892986,3.882396731
-8.179230549,9.046441657
-3.032904573,1.235768547
2.119183822,3.659326672
-5.257594624,7.689352813
-2.010813565,2.155423113
-4.883509327,6.491573808
-5.260466887,3.702840069
-2.300232852,1.57213959
-9.257604532,9.897018823
-9.058653314,9.783844349
5.602313676,5.8559897
-3.497458526,1.545661679
-6.865778614,6.762877004
-9.221232847,9.055212971
-4.802987561,4.234341187
1.119120443,2.658954012
6.197444459,5.440718875
-2.498207342,2.692767874
-4.778510696,3.93037983
-4.907582672,3.827574447
-0.942436534,1.219740303
1.884434495,1.210003167
0.909235655,2.187034457
1.392974172,1.790500331
-2.781924617,2.329920851
-4.748256743,4.266786997
-8.248981006,9.768844579
-8.91205197,9.207557119
-5.236077879,3.192498765
6.054845133,5.352249191
6.535117757,5.30337024
6.17833954,4.722228827
-8.062175551,9.231948705
-8.401337991,9.487806161
-8.171632051,9.403658534
-5.479337315,6.579292883
0.696722617,1.69659321
-4.852116565,3.545483521
-6.364206242,7.706984957
-9.403659249,8.650924979
-1.863526445,1.482129576
-1.762429436,2.15464739
-1.831997161,2.772976701
-8.841105267,9.258554782
1.36307379,2.509918642
1.162339655,2.745176609
-7.061217236,8.312692494
-3.809321323,1.286668963
0.896037264,2.04534649
-2.951045294,1.610369092
-0.565141083,1.509984405
-4.729015422,3.759336587
2.57176039,2.887053706
-2.877637661,1.526796897
5.589828112,5.413723573
2.171403661,1.642956732
1.285894263,1.810263345
5.65155406,5.605816235
-6.67300117,8.354217608
-4.355318769,3.687790992
-3.375666607,2.694642038
-1.843778801,2.603711634
-8.983706833,9.653906075
-2.301313052,2.175648569
-5.225655132,3.582674096
-4.625396339,3.671799057
-6.590530823,9.046760334
-8.363687512,9.063989575
-2.089571171,2.208763844
-5.064386118,3.795074893
5.702900369,4.718703435
-2.417442822,2.49874729
-4.552787621,3.203802032
-2.410945392,2.147040145
-0.138381236,2.368248192
-9.23406868,9.240610749
0.958085058,2.321908466
6.207063202,5.540199406
5.294248344,6.337858165
-4.700429878,9.278982918
-1.21525959,0.918685279
-3.070266947,2.813286432
-1.80930031,1.535149307
1.52113425,2.716335946
5.212636631,5.294750503
5.722857816,4.588794859
-5.890536089,7.602891535
6.399055646,5.186945906
-5.917754031,6.803708481
0.257546395,2.404471883
-5.78235616,8.087955509
-8.808352548,9.136397925
-9.576888777,8.989451037
-2.015427079,2.378136928
5.917925482,5.005500284
-5.007694386,8.417970166
-4.815107089,4.423047798
-8.798777566,9.392343456
5.538083253,4.985357791
-4.834668088,4.290038828
0.29521936,1.986791789
-6.700470921,8.011102683
-5.550902167,6.819602526
-8.413614763,8.68650543
1.254628231,3.428374348
-4.882936754,4.430117046
-5.173091915,3.702306987
1.604665031,2.821691589
5.719712299,5.126942261
6.073131575,5.003881743
-4.73027271,4.200749086
-8.883831071,9.9150142
0.836776006,2.878331687
6.111453684,5.359771079
-2.368464896,1.585843828
-5.667039375,8.233026468
-2.287678306,1.530251905
5.769674453,5.612520724
-10.09360928,9.399183041
-6.296229707,8.792206339
-5.6413869,8.221175858
-8.862900954,8.983349205
2.062806966,1.42482002
-5.101588328,4.201679136
-5.008836257,4.080445859
5.551284194,5.376269226
6.027621257,4.523207968
0.454258328,2.340376196
0.649892263,2.252071046
6.038456221,5.278323926
-5.397447824,7.119382893
-8.70928259,9.910865894
-5.591252487,7.976655328
-4.707120528,4.164787724
5.685838599,5.963369913
0.441140149,1.909056017
-2.900138893,2.776700786
2.548705924,1.603877547
-9.527889511,9.598991893
-2.967076932,2.317098921
5.790299072,5.732389512
-8.618966361,9.655581678
-2.559171378,1.406148841
-5.899921981,8.650195665
1.345192915,2.366557454
-6.017140116,8.40164003
-3.017120593,0.424253525
-5.904817151,8.350696017
-5.509689206,7.584246112
-9.056638964,9.586204136
-5.419980326,7.108906972
5.90645676,5.395706347
-2.080055143,3.057434029
-9.153339347,9.028113314
-9.438686629,9.621423543
-6.524675699,8.205362988
-8.843237475,9.457613155
1.080608756,2.868416234
-0.197242129,1.238336748
-6.742938492,8.721031204
-4.711137257,4.194389661
-8.373693738,9.073610429
-4.797042241,3.518352032
-5.194104362,6.966202583
-8.899308403,9.489488825
-2.402711338,2.377382502
5.306254032,5.173828811
-4.833717772,7.681912206
-5.085575928,3.757248444
-2.251030168,1.356406563
2.170897225,2.483233472
-9.157687126,9.577566391
6.560771258,4.170467773
-4.487243193,3.532659735
-2.879580303,2.718234817
-9.124663081,9.48753975
-8.720612306,9.914775099
-6.061854861,6.95125081
-5.581390309,3.364361873
-2.772046952,1.800521956
-6.091846339,8.402294265
-9.019513001,9.147788123
-2.154625744,3.232178032
-7.280818691,8.154330675
-1.04242009,2.458574098
-3.303242137,2.128176595
-2.363667691,3.183304006
5.034183902,5.343307684
0.713537074,1.893808026
-4.638283012,3.532043455
-3.478126227,2.260236093
0.655594716,0.444484638
1.604282504,3.251621774
-8.625314709,9.419252611
-5.59756487,8.642872807
-8.805425356,8.817744078
-4.710828847,4.061174842
-4.432185767,3.934373452
-7.643046645,7.855049437
-5.966686995,8.283033112
0.523080863,2.579148725
5.454362758,5.054208335
5.35889691,5.385365116
-2.81620769,0.859724314
-5.098402748,3.883727987
-3.769941061,1.631314318
6.058548513,5.308586556
5.286955754,5.970523038
-9.360868349,8.959058646
5.83526197,4.76539178
-9.201062122,9.432146555
-9.150124688,8.783222798
-5.879322328,7.123657307
-3.335579002,2.562556187
-5.186853508,7.264489005
-2.424645946,1.88075932
-5.35699126,7.72631518
-2.798821653,2.470737659
-4.770725556,3.568822842
-7.916659316,9.396413442
-2.629310195,1.454709248
2.285598769,2.867612506
-2.214448428,2.201831677
5.958625802,5.76855738
2.425487322,3.826805475
-4.412085348,3.472630655
-4.28391332,3.842677976
5.794802211,5.857200052
1.318910151,3.623081055
0.582568618,1.948715505
-6.691820913,7.296668677
5.353932937,5.15846753
1.584060933,1.371524616
-8.93545383,9.180512135
-4.758277704,3.718175548
-4.413085367,8.582170645
0.66571339,1.217937172
2.373400483,3.09194479
6.21975862,5.133410273
-3.883056358,3.441810504
-4.744043023,4.093825414
-2.875494152,2.849801093
1.1589398,2.759405571
-8.567469873,8.980489473
-4.853165767,3.694260815
-3.309257014,1.973514709
-3.384531642,1.278161618
-2.741229765,2.559926536
5.809379022,4.844024274
-2.560664763,1.684955216
-8.501549065,9.263232308
0.280558355,2.472063961
-2.350615779,2.019643934
-5.978601253,7.715839057
-4.89146879,3.861640171
-3.563534252,2.512363439
6.272934091,4.828598372
5.924404316,5.329257438
5.613782732,5.529029171
-6.986086285,7.3556329
-1.71713496,1.868050618
-4.244687315,1.933684131
5.052287904,4.58767398
-4.658427367,9.03763523
-5.080995692,8.315693344
-2.002502342,2.915629734
-9.309615319,8.855378142
6.334928011,5.018369129
-5.568886436,8.33427004
6.110831204,5.759667858
-6.65828952,8.584642103
-5.53803816,8.474288125
-3.333050418,2.166516207
-2.128721326,2.516703604
-5.279616293,7.183931112
-2.088632159,2.129404214
-2.616335026,1.66022397
-4.676954224,4.227786655
-8.607663586,9.230776933
-8.443862296,9.678399093
-6.982105133,7.38137745
-4.412811615,3.289289588
3.068428907,2.10236644
-8.560307057,10.16073061
-9.24887394,9.338614351
-9.55485356,9.905509951
6.136293297,5.228005439
-2.161411142,2.337211198
-9.150125883,9.255090681
-4.850040995,3.827499006
5.795103125,5.269734615
-5.436875441,7.413792381
0.716190993,2.580003581
-2.771606932,2.754829974
-9.159938754,9.86535492
-4.959196479,3.729127211
-4.584292582,3.581091177
-4.524635,3.75829681
6.184430585,5.524310869
-4.798073913,4.062316495
-5.185762035,3.741849949
-1.277714943,1.91745141
5.521363594,5.533188121
-6.543152703,8.657405783
-8.801236667,8.781996646
0.195779815,2.824670176
-2.132229955,3.146063609
-1.592687789,2.522433137
1.438961064,2.702659928
-9.082964958,9.413995963
-2.503780896,1.896992764
-5.235909598,4.203368997
0.392430201,0.820361958
-5.553888349,6.697378502
-5.227088564,3.933451652
-2.225544314,2.403782258
5.513144761,5.66490516
-5.941048275,7.530062548
5.029853326,5.438448546
0.499566697,1.034991821
-4.583792547,3.625990819
-8.90587,9.179979706
0.310451177,2.989334486
5.6458032,5.277940773
-2.667891673,2.456233319
5.746884986,4.540055472
1.227647247,2.692207522
-4.616600129,4.105212188
-8.744059637,9.227553304
-2.530522847,1.066737371
-4.694913555,3.886262276
-6.264329259,6.881171939
-8.484535995,9.050003993
-6.380439235,8.029405353
2.33614941,2.215965792
5.858064533,5.014988901
6.513051704,4.874246676
-2.599792972,2.052217905
-4.771220688,3.925867754
-0.201932372,3.62921627
-4.760934774,3.692344689
-6.107276529,7.325111353
5.838669833,4.965531052
-2.761141702,1.495582882
-3.160898685,3.338527484
-6.824033129,7.768397428
4.892198255,5.053229899
-9.251492602,9.434847665
-8.991907066,9.288549478
2.879556675,3.043561608
-2.881698898,3.132836711
-8.948871871,9.288216942
-4.98292282,3.315088419
-5.644506287,7.961910216
5.643845407,4.961630945
5.889443274,5.653711052
5.719938295,4.985715486
-4.502029376,3.690406271
5.61272977,5.435561979
-6.022606804,9.199557955
-2.135219873,1.90825615
-8.949257276,8.856410402
-6.531255631,8.044915091
-3.782187621,2.053380291
-5.951598292,7.483414641
-8.851068165,9.022873741
-2.569691821,2.368705262
-4.779947331,3.447489922
-9.000918256,9.394566709
5.956290721,4.723517012
-9.097654172,9.315428087
-4.87901007,3.294842234
5.328238127,5.628004768
0.857823843,2.484204901
-5.926323933,6.389379441
-5.502785196,8.441383795
-4.866556557,3.270392821
1.072158986,3.866227256
5.428873716,5.171439358
-5.97995024,7.748560227
-8.844656193,8.699024601
-4.416681744,4.062083703
6.582608154,4.400147512
0.942443169,1.886250291
0.640433121,1.708081566
5.985243154,4.829344364
6.107985249,6.053469641
0.891163167,2.840567908
2.463852575,1.901170758
-8.370906372,8.959138854
1.959239092,1.886756893
-5.533004972,7.708320403
0.602758633,1.922934017
1.626209011,3.097292172
1.298961922,3.805114914
-8.717425746,9.791555142
6.236775521,5.985752099
-6.755703097,7.719267771
-3.084741148,2.010788285
0.542976733,2.197872637
-8.102422255,9.314860102
-4.846778141,3.152625789
-1.858308502,2.134713067
-8.79289809,8.861667862
-9.142315956,9.220590713
2.404765197,2.097607529
-4.998018721,3.562892479
-8.452288596,9.341329684
-4.870792452,4.371237922
0.114740405,2.733220254
-2.500126464,2.067957771
-2.286757346,2.295386697
-5.508908979,7.614503766
2.089578523,1.164832876
-4.856395937,3.685882285
-2.577569184,2.182548857
-4.926289898,3.839059023
0.37639343,0.173261571
-5.76230616,7.689230335
2.617186046,1.773750358
-8.406520738,9.030106686
-4.877410571,3.918788531
-2.437024891,0.690875804
-9.014745055,9.149202609
4.566998094,4.692799802
-8.909211409,9.253884289
-2.135964185,2.048422218
-0.167224209,1.336255983
-9.085915586,8.797721987
-8.125865802,8.536633611
1.990322402,1.968878962
-6.044543023,9.496498176
-8.806373029,9.453013607
0.746681533,2.525167551
-8.975909872,9.305150384
-9.31181602,9.363143939
1.119440811,2.632410253
-2.083152605,2.731138951
-4.664077724,4.097202683
1.814496172,2.485470281
2.49304766,2.244133404
5.371642997,4.975116567
1.779855228,2.755987532
-4.686236279,3.743911259
-1.938389033,1.926657992
-4.931689723,4.150432981
1.129605044,2.583744247
0.424548741,2.574483484
5.50990122,5.071123507
-2.723379163,1.978665462
-8.39037202,9.433102213
-5.957169519,7.239908184
-8.191036025,9.068815214
-8.856376251,9.371303961
-4.967310601,4.144131692
-2.161923496,2.769948053
0.181153689,2.000157067
5.572617658,5.129682239
-9.477061384,9.315571767
-4.743483102,3.411850264
-2.340054937,2.592286005
-6.641971268,7.063572189
1.521122224,1.250481841
-8.670718447,9.220521168
-4.980268723,4.274901795
-9.688273095,8.75604962
-4.764845642,3.211235963
6.439852972,5.2002062
1.823432664,2.844576685
5.608632848,5.454154615
-5.309548452,7.882055627
-2.854788029,2.801937985
5.968447467,5.3732158
1.002472113,3.14413633
-3.654719152,2.963080012
-6.538506815,7.536767726
-5.016629264,3.574410398
-8.840102894,9.82542968
1.511241986,2.090296702
-5.169828475,7.053794219
-2.957502426,2.772739509
5.616313181,5.247776081
-2.615798209,2.569199855
5.229130096,5.589549294
-1.289730762,1.858197632
-3.811750013,1.960575347
-3.16846721,2.842230221
-6.54132775,8.582196709
-2.756500068,2.466434837
-9.484872655,9.725791317
6.302144224,4.881570827
-2.022359404,1.867112329
0.448987847,2.505066391
-5.079817105,3.619394543
-2.528630601,2.512220383
5.224484882,4.833469005
-4.97000796,4.073391181
5.739365956,4.592505216
5.819508062,4.886986025
-5.31816504,7.563181886
-8.327852417,9.60880087
-2.525227025,3.037491811
0.167906283,3.215320597
-4.802165477,3.058236202
-4.89261805,6.739911783
-5.130906476,3.600501789
6.199105177,4.859828616
-8.499099914,9.623471075
5.825751038,4.967695196
-5.653390264,7.856845852
-1.748087546,2.226519386
-9.022102361,9.173463074
-8.896654394,9.563541527
-1.695558012,3.03966466
-0.354088629,0.984090298
-9.090609259,9.475203988
5.577950788,5.769305458
5.515366313,4.911853644
5.920272166,5.787727554
-6.72867732,7.856648902
5.843459349,5.875295808
1.966165346,1.388689079
-2.890330573,3.838903784
-8.750164076,9.266205609
-8.591508068,9.495753888
5.729086853,5.365290015
-6.683837856,8.343247202
5.902171209,5.35971818
-9.022818334,9.613835237
-4.695507687,3.492137871
-5.468484796,7.568809028
5.920045562,5.624307314
-5.082735262,3.695273791
-2.129096184,2.891059894
-5.251473773,7.925112596
1.102067361,0.864348663
-4.868464748,3.64485882
0.707416338,2.135600937
0.365145588,4.268765683
-4.927589092,3.785783105
2.407324246,1.730692287
0.221364779,2.194492848
-5.283032153,7.673581388
1.930894671,3.869270328
-4.396146041,4.146466826
-8.543794958,9.331775778
0.717166823,2.932268928
1.141123308,3.582800535
-8.04595965,9.520314002
-9.184886972,9.369873924
-5.910737504,8.536321805
1.503356629,3.196950031
6.119875895,4.942799392
1.036060146,2.479917875
-8.627963868,8.969450407
1.399079128,1.653306073
5.696673467,5.755191624
-8.929635003,8.345508892
-2.953910688,1.977454737
-2.630713279,2.339707028
-6.403018343,7.065278969
-5.975011411,7.770469497
0.911749639,2.055508511
0.907529913,1.665171905
2.456003977,0.492907015
-8.530074825,8.905806708
1.042993343,1.910741318
-4.846792798,3.83206282
-0.05993521,2.850422995
-5.27093149,6.181058022
-3.062512945,2.339070984
-8.401762081,9.616923699
6.135168733,4.830112789
-6.337708808,7.891940072
0.529084752,3.157236201
-3.143667054,2.929316894
-8.354163589,8.696298277
1.768772067,2.010155256
-8.639862438,9.552582914
0.993346719,1.841841052
1.469134655,2.797337865
-5.566798832,8.446848605
-6.070052343,7.940212842
-0.22008029,1.612359108
5.690646878,4.970615966
6.329590419,5.104872269
-2.640032511,1.477766949
-8.475073167,9.060527725
-2.405124114,2.533725714
2.501665137,3.210343136
-1.768023908,1.807487802
-8.45335431,8.991796891
-4.82920521,3.419799095
5.821369857,4.959906421
-2.646011233,3.315291083
-2.974743602,2.033726016
-2.45788794,2.121429485
1.506711651,2.73717344
-8.351290716,9.693583458
5.422468647,4.795923952
-9.20262925,8.730294171
-5.928387669,7.986390708
-4.841589739,3.576909224
-4.503222046,3.71153149
-5.184132199,8.163993894
-4.926384045,3.914459786
-9.114886908,8.899108415
5.449099489,5.563421695
-4.761061137,6.878726564
-4.851711867,6.725677069
-8.482795955,9.70076505
-1.897363856,1.81067062
-5.657780827,7.222844622
6.064461686,5.811858174
-4.644815649,3.509916375
-9.284914739,8.858192897
-1.727568194,1.922342007
5.09249132,5.210819937
-2.820915403,2.580667361
-6.312274871,7.009133156
-1.632063026,2.131212002
1.333127724,2.801213365
5.747049121,5.176209464
-5.607653211,7.625139994
-6.371331806,6.952342952
-3.286050143,1.928136999
-5.399450738,8.272443479
6.250429404,5.368196326
-2.651498477,1.59245178
-6.773791677,7.706716621
-2.120133213,2.737068403
-4.904050812,3.508562534
2.40445906,3.108344265
-8.60211067,9.70159156
-2.897472975,2.645372331
-4.306288616,3.620815777
-4.756621538,3.64229562
-5.489250911,8.078349
-4.532034607,3.763374999
-5.532987389,7.861445265
-4.986538637,3.55294968
5.368806042,4.567029613
-8.781188318,9.326488429
-4.645704399,3.381287327
-5.934637612,7.328702709
1.049696447,3.186888551
-4.962949846,5.934599224
1.054242541,0.682477366
5.74743598,5.639566655
2.113637747,1.691657269
-4.476590092,8.311259912
-4.816244235,3.814858743
-8.843086866,8.473080289
-7.980196199,7.190001826
2.424128769,3.17152702
-4.488526112,8.15360528
-4.470061058,3.49124769
-4.85667453,7.76501681
-3.131242082,2.58752406
-8.579215912,9.402038522
0.127134831,3.457282507
-3.447415769,2.91271599
5.509031859,5.245242008
0.34500134,2.689627384
-3.232651446,2.497939716
-3.024249167,2.536380043
-8.72356305,8.950113326
5.454204003,5.44974814
-8.511064792,9.484780363
-5.930676799,7.501890663
5.610440675,4.769932957
5.877460002,5.363280077
-0.356986931,2.590387739
-7.147271695,8.012108986
-5.101647113,3.12006787
-4.832192096,7.529255942
6.423065256,5.549662339
-8.994300937,9.707500357
-5.41703421,4.127523035
-2.224232304,2.442421783
-4.494718244,3.936410602
5.863743005,5.615119517
0.944926642,2.714012763
-3.262812041,3.581565663
-9.181104781,8.085750835
-8.51405023,9.41209041
5.637908858,4.384673959
-2.804797044,1.852505583
-8.758667773,9.805668407
-8.996607437,9.928420333
-2.356696756,2.78212337
5.695894431,5.392583915
-4.731357232,3.939902646
-8.96448755,8.726828663
5.139569764,5.514171743
0.477655841,2.57617819
-5.360731133,3.638002747
-4.955582435,4.359522889
-1.542943534,2.442713834
-0.072922596,1.540223109
-7.375488455,8.212001183
5.682123241,5.861599805
-8.951328749,9.169155413
5.892742879,5.670457155
0.507662932,2.323838973
-5.745608723,7.710152806
-9.183886804,9.488849188
-4.294629787,7.969781121
-2.042308605,3.255015099
6.201422028,5.523262401
-4.470652892,4.160959963
0.331058516,2.313521002
1.495420098,1.768021254
6.022870613,5.104617372
-5.041981075,7.867948311
-5.935776515,7.823392952
6.278956784,5.242903573
-8.919828038,8.921879512
-0.143241268,1.498849125
-4.48957379,3.635626202
1.007470924,0.340178476
4.877926691,5.661362396
-8.928597953,9.343417938
-5.184570466,3.86729383
0.856090145,2.824167738
-3.006845502,1.973766778
5.54972266,5.70696621
-8.564382231,9.924671111
0.859429741,3.07955542
-9.414581194,9.118527299
5.704938291,5.268575888
1.574766781,1.923456363
-4.519206184,3.790857878
-7.657529605,8.294019577
-4.568232289,3.869736848
5.389516934,4.946709046
-0.626666743,0.340932021
-4.899782679,3.576656417
5.306590423,5.373160281
-3.373165578,2.443830622
-5.604657851,8.923549415
-4.28490596,3.870212794
-2.750711877,3.7834111
6.037071885,6.24074692
5.543609777,5.572743928
-6.649599264,7.660876432
-2.686254358,2.397683583
6.088258684,5.934445299
-2.206315545,1.871368813
-5.876445347,8.3045672
2.525519072,3.704963826
-8.37352634,8.609409137
-1.503241463,2.327066975
5.54982841,5.231380696
-4.818638033,3.631052188
5.815367168,5.495928855
-0.817688455,1.714670283
-4.679576421,3.479012768
-2.314757269,3.367003919
-5.363496428,7.211407682
6.447921413,5.440992452
-9.267175229,9.386909822
5.457730486,5.499279818
1.533236703,2.81364242
-4.985951599,3.667484139
-1.906859422,2.66137664
5.995450166,5.444876
1.00721768,2.850945048
-3.256515974,2.496509961
-4.660402587,3.53883381
-2.579183644,3.234916389
-4.429132736,7.530168862
-7.948758825,8.811315301
-8.739956333,9.352749338
-7.836311969,8.682885958
-6.390213795,7.610975245
6.362001683,5.934309155
5.103752136,5.497952389
2.667165406,2.450749434
5.838284388,5.203984089
-9.542615128,9.322909323
-4.908650923,3.389235574
5.871316097,5.996138518
-9.182779288,9.717146198
1.236693915,1.871208005
-6.524628709,7.369166288
-2.532172499,2.528344938
-4.63793027,3.72470189
-0.123166837,1.587695014
-4.860077348,3.699313058
-8.481480052,9.377024207
0.541299523,3.644126489
-9.102228077,9.643208809
-9.489221076,9.566609754
-5.919554556,7.791924323
-5.180757488,7.224109669
-5.780789027,7.241054418
1.101275927,2.715077442
6.228673744,5.661647447
-2.955653664,1.513879895
-1.188149127,2.25116605
0.836006098,2.775757717
1.066916867,2.241951647
1.93201433,3.126521642
5.598703206,5.555645266
5.534113771,4.746481479
-4.349182889,3.559399956
-8.759227704,8.838977514
-7.834344491,8.93931227
5.346271185,4.878462342
-1.913339223,2.31302283
6.197417156,5.824904705
-4.955764061,3.730051773
-2.502924022,2.543415788
-4.273767033,3.810344963
-8.037477761,9.997864768
-9.07903336,9.011175187
1.416200963,2.08830344
-5.219648115,7.372152652
-8.963301002,10.39384576
0.722638863,1.922624284
-3.863798901,8.627747457
-4.965701122,3.533959503
-3.036349461,2.952338362
-8.758419789,10.08509823
-2.665085134,2.301997543
-7.140380751,6.637601245
6.103031174,5.074169837
-6.66361995,7.516556076
-8.5601053,9.336167889
6.250714785,5.868906717
-1.475034535,3.43037893
-6.042881721,8.120320105
-4.962414811,7.627853074
-2.140544902,3.30208334
-5.82865786,8.706448814
1.61764097,1.581317681
0.471803017,2.914893661
-5.103609877,7.732267549
-1.807809122,0.701393591
-3.027691838,1.622148659
-5.041309469,3.93762217
5.587658499,4.851215045
6.649389444,5.364095179
-2.503627513,3.610257148
-2.963320979,1.613116765
-2.003601235,1.294680208
-7.580589889,8.129693333
-1.689402401,2.924329352
5.870262219,4.826584753
2.552313293,1.051965333
-4.741317238,4.190892163
1.697807845,2.386148413
-3.844634991,2.590515685
-2.197608725,1.331234784
-5.236730074,7.825058975
6.461579813,5.532783719
-6.220467337,7.389913392
-5.034746344,3.770351354
-4.453006899,3.564526066
-0.469214583,4.163078811
-1.945375401,2.643192929
-2.250694528,2.562543596
-9.425771217,9.350244931
-6.408874302,8.307696639
1.540039926,1.048179418
-9.057676305,9.18216472
-4.631111241,3.59911167
1.437070857,2.205699005
-5.675970128,6.47700835
0.583274313,1.51937919
-8.144735036,9.395777606
-8.27966246,9.408337663
-5.541201798,7.173990175
-4.869438844,7.750430322
5.710384678,5.510301687
-4.777819768,3.504240921
5.287216727,4.563511148
-4.17185474,8.054154515
5.522812239,4.703389139
1.733006965,3.322627612
-8.974270035,9.345783824
-8.945419526,9.706078398
6.520791092,5.084013465
-4.646461944,3.906508789
-3.497160413,2.117469591
1.679192903,2.377018473
-7.447190612,9.866693147
-1.684579775,2.476766196
5.803166002,4.880942523
-5.588907039,7.833701255
-4.583537251,3.511992521
-9.279239051,9.585296277
-5.677464353,7.823987878
5.74923634,5.09234508
-2.658347743,3.068189219
1.13403612,3.395750482
-4.866620917,3.596139985
-2.250026741,2.202736803
-8.931104003,9.473034015
-1.349748942,1.835429242
-4.927477225,4.048629932
1.08355053,2.809949583
-8.366657296,9.631893965
6.021731328,5.117625752
-4.717719134,7.552293507
-8.885258913,9.272436373
-8.897194771,9.183135173
-8.738120734,9.322180376
0.278563966,3.274076093
5.436697659,4.937903373
-0.062909121,2.320211239
-5.375630099,7.800081158
-4.827789274,4.084923325
5.977818615,5.227580649
-8.719440465,9.621893035
-4.614348451,3.763973235
-8.843483694,9.263605862
0.835479077,1.269906823
-4.516349125,4.406943343
-6.562870967,7.072292708
2.001354341,1.149137189
-4.589529274,3.732824164
5.509811993,4.675201662
-2.390503706,2.324468923
5.722047399,5.536954097
-9.067387565,9.524497303
-4.818341159,3.820714439
6.345289355,5.315971925
-1.967234593,2.087962093
0.731447036,2.900825673
-8.293406407,8.82796634
-3.305272677,1.899877095
-4.886496789,3.805805762
5.69172368,5.084876479
0.068834455,2.410600804
5.74717836,5.003057505
6.101864093,4.445682835
-6.354084295,7.277675166
-5.076462095,8.370283843
5.988711104,4.859400149
5.203970485,5.413182344
2.024614166,1.556411763
-5.400622075,3.52059991
-5.208903108,4.09243723
-2.836808004,2.587440794
-1.911985302,2.203309043
-4.10251791,3.870256124
-6.500528335,7.239823062
-4.996171458,3.914118651
-1.728311714,2.883597582
-1.956156431,1.402297153
-4.775415832,3.627483485
-8.501942748,9.289392336
3.412934303,3.2228456
-4.908561613,7.025776292
-8.888989122,9.440171874
-7.10830789,6.490697204
-4.357755351,3.885905582
-9.276013649,9.093111682
5.177484941,5.60349008
-0.365502615,1.08487412
6.089992789,5.730304984
-5.860855458,7.630890144
-5.221569725,6.753613821
-2.575566636,2.424166945
5.5296898,4.890771769
-3.268694575,2.121151644
-5.64859967,6.726282724
-4.806007237,3.793112884
6.258126367,5.161118327
-8.942491399,9.018087568
2.198559337,2.575107501
-3.478929747,1.539635503
-2.235352452,1.554686531
-0.245334367,1.22710861
-1.767356775,3.290193239
-0.599097759,0.900752642
-1.736556275,1.775155427
-8.718641134,9.953531579
-9.028965198,8.485621564
-4.703914233,3.729314856
5.695530947,4.869605224
-4.777215583,3.500113593
-1.507779674,2.30621072
5.846623976,4.558477651
-2.363703259,3.248125542
-4.144364354,4.13761382
-6.098809134,8.40078507
-0.511874333,3.199014787
-5.802520993,7.294195313
-8.957664751,9.555671177
1.276444015,3.974532325
-3.135414889,1.026451057
-5.440042679,8.17238124
6.242560936,5.594675835
-9.418406149,9.91634617
-5.177146037,8.890653322
-3.082733476,2.849678771
0.685438929,2.036470929
-8.579674401,9.723204868
0.984128774,2.313922325
1.073107131,1.104251327
-9.030762846,9.974441547
1.345732759,2.376483332
-1.599681614,2.929058159
-5.648619093,8.807124604
-4.804094254,7.924865932
1.757448396,3.103033465
-8.58274345,9.139775408
-2.510134046,2.657642978
-4.78416098,4.144861144
-5.142936683,3.234894699
3.025613933,2.703205969
-5.076109363,3.863951617
-2.525424854,2.501967918
5.627563538,5.042796067
-9.077595987,9.495050528
-8.718675934,9.556115275
-4.654001624,3.809733976
5.663153191,5.111229339
5.923103268,5.880233742
-9.322992684,9.504248563
5.90978397,4.689390187
-3.968751622,2.073121544
-5.002118592,3.974585529
5.559566929,4.904725913
-5.449478074,8.564742427
-5.922142466,7.532496186
-8.771454545,9.1430503
-5.320088779,3.729615229
-6.897646155,7.672211417
-8.563414474,9.036084706
-0.383010467,1.963490049
-5.41199181,7.403999097
-5.296479883,3.368536317
-8.536101156,9.448378266
0.920280937,1.082350261
-8.692679209,9.23567826
-2.340840156,2.691192366
-4.737012516,3.663692841
-2.502056292,2.551183968
3.32741339,4.345920486
-5.162789582,7.483175995
-1.901581587,3.12521828
-5.128081196,7.625596337
0.88741954,2.556938409
5.813307952,5.706514891
-4.987041881,3.589602917
-1.528466064,3.237263907
6.409867252,4.549469362
-2.266144552,2.275237271
-4.055655552,3.632476166
-5.281166103,7.97288341
-4.699328011,4.398525306
-4.584378681,4.238859046
-1.592521764,3.024426002
6.370688463,5.362737593
-4.626706674,3.993990422
0.430577133,2.38988117
2.408694813,0.536572452
1.513125454,1.769823293
5.760155747,5.979814919
-8.593017593,8.980822507
1.659953103,2.477758572
-6.024100572,8.986629497
-5.715137188,3.890221264
-5.807953432,7.137802927
-4.82263499,3.972566247
5.226014614,5.500649649
5.931899939,5.230470567
1.403384428,1.156177246
-4.742317363,3.616223646
5.322563231,4.879993276
-4.792604547,3.815653515
-8.461287038,9.401057869
-5.898502936,7.759539525
-2.822707416,2.725317349
-5.180116367,3.802774683
-4.621457893,4.147858406
6.185680194,5.41345457
-4.997336983,7.634300681
2.183592962,4.129630231
1.056260569,2.436134862
-5.230217806,3.795002874
1.750928805,2.653056132
6.48709202,5.116749283
-6.540802818,9.729367004
-6.570702348,6.694987354
0.545625102,2.832846105
-1.222463339,2.749882743
-6.033589048,8.111746952
-4.84407706,3.944068053
-4.838287109,4.03210125
-8.732022038,9.32589757
-5.617793275,8.500520826
1.95152223,2.292126992
-5.728589533,7.739129393
-4.709244965,3.110077569
-2.087600215,2.630035867
0.095774094,2.54408411
5.285393177,5.406704367
0.91203839,1.110891869
1.094240575,2.670185678
-0.664439938,3.802397702
-5.530679962,6.205043467
0.422694366,0.766899022
-8.815298306,8.954036607
-4.925902077,3.89636562
-4.926953699,3.828706328
6.297856709,5.625568574
5.645144023,6.111628888
0.287987686,2.964629307
-4.747461755,3.862469248
-5.951848621,8.175935428
1.36196481,2.609538945
-9.397490964,9.104857078
-4.657099628,2.990150307
-4.867267838,9.251940093
-4.815159609,3.712099602
1.002279548,-0.629963713
-6.030891973,8.609631263
5.436549653,4.836325172
-3.147007678,1.940524964
-9.080072453,9.759946476
-9.445857857,8.853331057
-4.627667923,3.935039925
-0.054398922,2.481851705
-4.842108394,3.918838922
5.530541925,5.27765302
-3.088845541,2.447688082
-4.553019041,4.144336515
-6.074337484,6.862788458
-4.837366432,7.434277889
0.403677724,2.866697214
6.159084838,4.949869705
-5.681064661,8.819389863
-5.035007324,8.233466302
-2.462044517,2.418437056
-4.911598348,4.262865999
-6.139394378,7.48409145
-2.158894728,2.441947236
-5.031651136,3.973336575
-8.63237386,9.133278295
-3.242273464,2.272672231
-2.195117448,2.889506496
-8.56446275,9.778634949
-6.256742447,7.446198674
5.548591319,5.029024305
-5.296859768,7.848161336
0.595740282,1.988671668
-4.840946916,3.984977877
-3.202152494,2.777367493
-4.542442756,3.55818588
-3.497393514,2.375691555
-4.735936847,3.915767766
-8.620218017,9.866708801
-4.926978213,4.339515848
-3.137532922,3.760425176
5.318312062,5.884790251
-4.845298671,3.800920016
-0.246103064,2.150771364
5.776497073,4.814618754
-4.685413884,3.639369389
1.569450548,2.15505968
-8.347171588,9.731318254
-4.890196808,3.65899218
-5.017085901,3.276732297
5.143426812,5.768400397
-2.244977383,1.656529967
-1.358751412,2.491501637
2.533560159,2.197168313
-2.408283936,2.185356367
-5.904018975,7.552322614
-5.360821793,8.094856739
0.866202801,2.445630175
-4.541874179,3.98516452
-8.746929476,9.616763108
1.489391573,4.310517406
-4.658618172,3.807454
-7.82114942,9.288299085
-4.634277509,4.363401652
-6.034265182,7.993567565
-9.093144311,9.357758189
-4.594555901,3.669853151
6.094551187,4.830833374
2.893782059,3.786980876
-4.995061935,3.707808307
-5.017470172,8.487122097
-5.465399896,8.483823613
-5.136623799,3.498741798
-8.895738327,8.843073141
0.678839599,3.36938534
-5.427434528,7.591819995
-1.942912989,1.814790452
-9.54018901,9.849173611
0.223717873,1.423759725
-4.529577929,8.2301814
-4.426099176,5.922011735
-4.495172867,3.701041581
6.082621391,5.057327288
-8.777283144,9.412605375
5.473167901,5.37692308
0.3441524,2.131923591
-4.520047924,4.247025871
5.564234529,5.551263839
2.009036077,1.146622509
6.46382451,5.005330331
-3.073969128,3.311732654
6.248622759,5.028856258
-8.369926893,9.016558909
0.467378011,2.742210134
-2.938852502,2.884065868
5.652472613,4.537452049
-3.028231376,2.551438827
2.503817283,1.76824159
-5.487306974,8.306907429
-5.023732677,3.841554151
-4.656592172,3.308023195
6.310144694,5.307744531
6.037251261,5.180068778
5.824138339,5.69031305
1.895627694,1.612217963
-4.806765796,3.74340923
-2.586800987,3.280380076
-5.286249908,8.044911855
5.258612978,4.922931057
6.56172255,5.187957174
-6.627794581,7.87258522
-4.95626166,3.746133521
-5.605089389,3.602677042
-10.0672566,8.980979468
0.652961234,2.42641206
5.909375527,5.000373706
-4.442357657,4.867460303
1.583040797,1.313705721
6.173099877,5.24069319
6.18923726,5.338807826
-8.485269393,8.637507995
6.637354879,5.573556597
-5.909520749,8.281573949
-5.545111066,7.249658649
-4.678286739,3.755251776
-4.76125456,3.195583986
-8.960008212,9.372546394
-8.658702277,8.706963564
-5.81525909,7.810228784
6.558735032,5.65948366
0.397235903,2.603640822
-2.553670028,1.359483777
6.411831853,5.567767277
5.234021672,5.041529078
-4.560437844,3.486796914
6.011957797,5.402281854
-2.622158887,2.751231181
-5.35932408,7.986302702
5.77181795,5.857170927
2.013405364,2.103776347
-9.240591831,8.743232372
-2.759380466,2.912937022
-1.797259984,2.358897493
-7.422162317,7.827412889
-4.991556807,4.257101613
-8.969613318,10.19575943
5.553976582,5.605878442
1.486115549,2.986581689
-8.296480866,8.859132895
-4.678528703,4.29982578
5.540757883,5.999030896
-5.988309401,7.418591935
-4.770182108,3.612074433
5.499312222,5.454320325
-5.264984857,7.470134867
-5.084949232,4.234041169
-4.062947635,3.891411498
-6.643974807,6.084090859
5.626373574,4.966605756
-4.849134572,7.625030486
1.299635838,1.315647013
-4.721648775,3.369442821
-8.501226529,8.808279016
-5.426960599,6.52498987
5.223382513,4.762548574
-9.068966781,9.233578729
-1.850209769,2.96842859
-8.691371084,10.00689684
-4.911257161,4.265129293
-7.466856841,6.997380713
-4.938312058,3.673044816
-4.823801485,3.777455076
5.907131792,4.641163862
5.545349755,4.099873543
0.904678871,1.209722816
-2.095422541,3.100119654
1.949588564,3.346900252
-4.293679758,3.906477834
-3.131048817,2.807371301
-5.039832913,3.753548277
-4.663812307,3.767069199
6.049051738,5.239440628
-4.936751101,7.441769885
1.341171956,2.460424694
-5.993640705,7.743076704
-4.35800297,3.716515099
1.322136717,3.072379887
-4.204690431,4.096403958
-8.810160794,9.588151301
5.932789686,5.594010634
-8.749073414,9.545664721
-5.922192371,8.12127444
-4.577339144,3.594396107
-8.484064576,9.558033393
-5.502193085,8.050557063
-6.173000508,8.605231499
-2.528579439,2.155678838
-2.07636521,2.50872522
-5.609745034,4.308657832
-2.930156812,2.460612708
-5.871102366,8.322063267
-8.386082411,9.205076138
-4.906970989,3.41520456
-5.639814404,6.206296522
1.990620739,0.850558807
2.226426222,2.477486833
-6.609088468,8.453964732
-3.145456124,2.417505376
5.636243349,5.830298768
1.062948839,3.771275207
-6.440864376,6.997111271
-8.862529344,9.163340753
-4.525952601,3.934112678
-4.527491314,3.879926979
-4.789953556,3.421884255
5.381934388,4.780716516
1.766944109,3.158955757
-4.543854271,3.848891578
0.007101561,2.55160048
-4.514174368,3.829646545
-8.807017564,9.408872852
-8.502120189,9.368120716
5.996857784,5.28779646
2.096052915,0.871554648
0.619993813,1.905264479
-2.550525678,3.350666267
5.998820684,5.450597173
2.265710857,1.470743412
-8.855874707,9.392661761
1.178461764,3.037115994
1.275429518,1.809986359
4.350062183,1.603373697
-3.116460786,2.698253852
5.763607494,5.681646083
-5.39282056,7.344169119
-4.380182518,3.488761279
-8.955026197,9.048241462
-2.570983901,1.975387883
1.310157351,1.83327953
0.790028831,1.10440168
-8.919623956,8.945856297
6.019498048,5.570651596
-8.739959323,9.00973785
2.249431151,1.750247291
-8.12608039,9.267960406
0.159603558,3.649285097
-2.679868994,2.04464181
-9.862471438,8.945086011
5.592346799,5.479714977
-4.968813173,4.209020172
-1.659442603,2.775368117
-4.985058802,4.100082745
-5.747126112,6.928006425
-6.059051008,7.391921153
-5.074928206,7.491340882
5.398408803,5.89146907
-0.492261576,2.41510289
-5.049841373,6.443367568
-1.532186478,2.859867767
-5.02612738,6.842194283
-5.056964656,8.367901864
-5.904011846,7.027971556
5.655332675,5.61540183
-3.616534878,2.487362786
-4.915999478,4.213863538
5.799643846,4.598110277
0.695644717,2.927065202
2.111989369,1.804524027
-6.532337958,7.225625088
-4.015383788,7.877852034
-1.530014217,2.711533513
-4.530514238,4.240806351
-5.191013434,8.706344173
-3.703430054,2.734671476
-4.887569881,4.134523328
-8.584601441,8.586460887
-2.742494283,3.13421232
0.088057139,2.128477772
5.535988099,5.088818465
-2.637909501,3.60039227
1.51370846,1.020318508
-6.972263435,6.154451915
-9.112766537,9.105924895
-9.133678921,9.073483086
0.430583607,1.899896782
-5.388752776,7.683224482
-4.797718173,3.745806485
5.542787693,5.122837309
-9.059946456,9.641497589
-0.001883983,2.607301792
-5.41808075,9.161140901
-2.295549139,1.026622526
-6.162388884,7.780301199
1.722224703,1.522036627
-2.472769186,2.494457692
1.481651027,3.284832091
5.99053508,5.744916194
1.869930608,0.824638791
-1.965351278,2.773865072
-5.889127889,7.304158271
0.326912307,2.678661974
5.597077084,5.247504072
-2.119536772,3.430145859
2.402385482,0.699521914
-5.123339746,3.65629575
-2.688110466,1.663681096
-9.059860312,9.574003935
-6.359206077,7.439785553
-2.546382367,1.445091895
0.899415927,0.967636434
0.763785901,2.886168312
1.08418175,2.368576294
5.596034887,5.927146325
5.263453749,5.654288323
-5.797187818,8.136928445
-5.778052646,3.342155922
-9.473511015,9.936431119
-8.872750891,8.874301585
-4.77753604,4.447229777
0.100207608,1.164260505
5.508346525,5.342643685
0.64159095,2.247439734
-2.270590049,2.652730587
-4.725680098,8.374613624
-3.070274886,2.583851827
-6.369985237,6.95081705
-6.068299228,8.149247008
-4.619220387,3.621459891
1.086225691,3.214157861
-5.063145954,4.042549068
-4.744165239,3.649694676
-8.833844993,8.895485341
2.445032532,3.224523092
5.748859651,5.24211537
1.879960114,1.981881492
5.273495742,4.494141
-4.757199361,3.657518318
0.956331071,0.466295862
-8.579780528,8.921336353
5.922054918,5.138441821
-6.049211061,8.433442142
-0.545694236,2.525551977
-6.351637894,8.617547342
-5.988478049,6.534451441
-8.989115252,9.789939897
-4.651977783,3.794187547
-4.74942503,3.232666655
-2.775646017,1.51886762
-2.727376235,1.771357265
6.039555113,4.881039876
-5.664677745,7.471025701
-8.403596699,9.451031123
5.81671592,5.486020237
6.338515711,5.423875647
-5.057537079,3.593859809
1.89770135,1.60423254
6.055300984,5.388672735
-8.412271583,8.487560505
-2.447576885,1.71272488
5.445982025,5.18513684
3.322241271,2.39867309
-4.865322416,3.371384862
-4.537064451,3.665799115
-4.401289436,3.858128287
5.467980209,4.687840522
-8.616969746,9.203767016
-8.366952443,9.905277502
1.692879244,2.559344389
-9.190506806,8.795876466
1.199620609,1.417262841
-5.338200144,6.983568334
-6.001906404,9.696358955
5.679922505,4.828007163
6.2042164,5.239856013
-6.000669961,7.463307786
5.942571452,5.293884343
-1.607531518,2.854937657
-9.056137758,9.156835836
6.31283705,4.919523817
1.046317389,2.611611447
6.14969779,4.802907183
-8.730873555,9.4036949
0.803926733,2.646053874
5.994534079,5.072211092
6.080026945,6.07944502
-4.970558741,7.548549436
-1.770131306,2.890458593
0.248202908,1.535875199
-4.284171682,4.34649235
-4.383462457,3.455283817
-2.338207625,1.859771837
-1.485563746,2.59174711
2.982508452,2.618670741
-4.276450756,3.698461642
-5.385296787,3.834275608
-4.85667912,4.085829278
-4.80827595,7.546812767
-4.768940228,3.856494893
-8.159939393,8.884411719
-1.733696362,2.020625315
0.514656941,2.995026001
-3.205938605,1.709196867
-8.379111171,9.188090188
0.488122539,0.563565173
4.978945797,6.12551822
-6.282253998,7.570344097
0.910320956,3.965597024
-2.00077474,2.623784839
-4.63825369,4.264645212
-9.39879877,10.03624935
-6.379541952,8.760123038
-4.406392846,3.907041471
-3.414466545,3.302912539
-9.03471932,8.648345115
-4.500525448,4.133831073
-5.095676911,3.769752509
-8.868770558,8.997825082
-5.475606208,4.173409196
1.912734649,3.882589116
-9.307403532,8.593511101
-8.269151946,9.92635662
-2.151570759,2.309218094
-3.342876377,1.760252088
-2.053909283,1.840092743
0.409373879,2.313529274
-2.744046909,2.643517637
-8.658146958,9.154096889
-5.239280869,3.707583193
-4.543834321,3.689353454
2.09594828,1.847274068
-8.950016936,8.962598218
-4.897867093,3.673695521
-4.84223161,7.711543675
-1.951116116,2.328058151
6.013779283,5.153498989
-4.715862888,4.231397704
-2.804063837,2.509916196
5.716726145,5.712414171
-4.669873216,3.433522983
1.007606144,1.700821215
-4.729255962,4.155687557
-1.999332955,1.953930804
-8.442800979,8.411182304
-8.025914352,8.887636692
-1.807167648,2.135794847
-4.659610081,4.189769651
-4.717048551,3.900458368
-9.709481708,9.497101995
-4.86828822,3.692738229
-8.600956173,9.604279518
-4.925526902,3.690581655
-4.863002015,4.112496174
2.350129963,2.878839843
1.265119063,0.955415946
-7.173342728,8.063437679
-2.81701444,1.918347714
5.684806453,5.419923341
-2.277198827,2.052390675
-2.33490076,2.036144541
-5.068953147,7.303557092
-5.073610778,3.643624937
-4.036681038,2.249935098
-4.28097731,3.512264618
3.327041785,2.874053399
-8.999878459,9.591752824
-5.330134282,4.1583269
-6.287547111,7.642067972
-1.697108863,3.712986456
0.83434835,2.280302942
-9.666048615,9.666530926
1.425538085,2.380915806
6.22237932,5.526352995
-9.641934635,9.500987687
6.018241848,5.347319647
-8.74746278,8.932363012
-5.104258081,3.640617281
0.412706755,1.796623703
-2.285709919,2.970056538
-8.002275283,9.773675436
0.198245702,2.010684327
5.505780863,5.083495771
-8.262186766,9.255182029
-8.976813757,9.848097723
-9.230967234,9.213877149
2.129802761,2.798238216
-4.983360782,8.343790506
-2.672012746,2.091019368
-4.583700446,8.303276769
-6.052465991,7.491284148
6.299831085,5.975354319
-3.207466774,2.892635489
-6.271192653,7.330673795
-4.729811599,3.026773466
-4.807802512,3.505776464
-8.768072034,9.48526255
0.796483819,2.246114686
-4.270391285,4.159700921
-5.179662366,3.714473751
-2.70885679,2.182479036
-5.334232506,8.489057137
5.813457326,5.947427688
2.080268877,2.332283658
1.538502517,2.13081947
-8.871014792,9.474689408
-1.277492339,2.319777729
-2.156473758,2.264696234
2.03053737,1.658925895
1.632755816,2.519357258
-4.488924837,8.058404274
-5.272584081,3.793267601
-4.795910622,3.457357056
-4.574001994,8.095011563
5.157114867,5.689157115
-8.407888755,9.045838258
-4.315329147,3.853003328
-9.759471041,9.282674675
0.36643407,3.753863269
-5.809213677,6.621046834
-3.710084984,2.700264803
-1.187435832,2.601672135
5.622542468,5.231126685
-5.309404786,3.253174588
-6.130499598,8.780669525
-5.343743769,3.821168992
-3.287783604,2.449608414
3.836437044,3.323204109
-9.363002465,9.063045644
-4.539411336,3.409933432
-4.967211244,4.019980156
-6.679990696,8.431125724
-2.534594675,2.36307517
2.324492605,-0.469048778
5.966201046,4.930582137
-4.450961286,3.928844552
-6.070069313,7.573440676
-8.820471807,9.578182267
-8.375713356,8.902294545
-5.067285388,4.607370626
-9.053475811,9.313068649
6.017623107,5.188559064
-6.374284679,6.411665939
-5.160650348,7.404103039
0.156646232,0.648977234
6.053514104,5.656473905
-4.599553762,3.639592631
-5.079201151,3.543952482
0.998686337,2.012144083
-3.368507437,1.959196332
0.627769491,2.048482182
-5.112451231,3.880687641
-8.82780877,8.790157759
5.574682857,4.414532095
6.034313937,4.661376875
-1.541774438,2.754473649
1.070504123,2.957639122
-4.960064707,4.021725689
-8.659454683,9.85343083
1.618113476,0.736129151
-2.102771874,2.797905924
-8.762669154,9.616761162
-9.557939164,9.308729438
-4.806547808,4.518169922
-2.462004897,2.745000987
5.687556835,4.685559082
-5.815949336,7.297003203
-6.862252306,8.55369064
-8.981659266,9.517392507
-6.501322503,8.073253966
5.929007103,4.724365372
1.898466807,2.91521165
-8.780654331,9.795945639
-2.284464154,2.58752821
-4.685788826,3.787800211
5.373101874,5.165662851
5.408880408,5.313605348
5.525196303,4.760675016
5.675819997,5.424821517
-2.84409402,1.904916338
-3.024789267,2.399002303
1.29959775,1.991217946
1.376457371,3.368779502
6.22027223,5.646811574
-7.310168691,7.790712099
-5.505337171,3.296380122
-4.290872463,3.895758606
-0.218877493,1.668261452
-0.372842556,2.336270256
-5.656593814,7.812977491
-4.495606556,3.957167344
-2.962138584,1.475906753
2.24992124,2.327548681
-8.236314521,9.573896766
-2.216515327,3.117827823
-8.990214111,9.111730338
-4.88009475,7.595472681
-2.530780831,1.185738637
-8.974893873,9.428674533
-9.463918004,9.418766557
-2.109264689,2.380483221
0.735635771,2.355983089
6.12543822,5.247741581
3.906601491,4.62151034
-6.172348862,6.6467654
-8.259305376,9.594327439
-5.003902906,4.013863644
-4.995896148,3.612136293
6.073291488,5.132026027
-4.742353654,8.107013984
-9.162813412,9.412640168
-9.143963182,9.132063863
6.050651679,5.702139352
-8.455338479,8.911571897
1.465328256,3.057014594
1.949257255,3.203371824
6.023577746,5.568400422
-2.43272696,1.588423411
-2.798450612,1.869758894
-2.67218544,2.79707486
-2.410681392,1.402932974
-4.528738052,3.434314208
-6.539459362,7.167722448
1.269150419,1.322704889
-2.151729954,1.510959168
-9.132148404,9.331486138
5.991914139,4.977539619
-5.091565392,3.78391823
5.756933171,4.739430132
1.844597616,2.941995552
-4.923034729,3.910515304
5.648472644,5.031259576
-8.741838829,9.423597973
-2.598572982,2.066646458
-6.085227384,8.297524433
5.83224993,5.107978798
-4.999703654,3.713044436
5.495190133,5.421722868
-2.829457288,2.167441109
-4.796612553,4.235616854
-5.299128309,7.643292473
-5.161123639,3.841664627
-4.704384015,7.872458327
5.792397332,5.04394485
-4.737038744,7.9881462
2.373314161,2.583371056
-2.895636098,1.559740953
-8.98523048,9.372984902
-8.474475686,8.527041211
5.116664319,4.578760537
-4.913369977,3.788882056
6.444777924,5.340761881
-4.97873127,3.660456891
5.572512042,5.243659679
5.345145285,5.173253819
-4.947602904,3.682746674
2.039915102,0.694926733
0.07895174,1.55535361
0.542100117,1.579806098
-4.846770739,4.039858593
-4.838386911,3.424335643
0.986501868,2.620278696
-2.89736834,2.863495859
5.566445552,5.779576104
5.270306648,5.875729641
-7.240703573,7.718358753
-3.496456426,2.025950845
-5.490397979,7.49032313
5.775999423,5.615074137
-5.77173256,8.261639105
2.061165182,-0.315157889
-0.029422664,4.223428087
-2.269527652,2.604291023
-9.168920539,8.774526648
-1.583463254,2.742014345
-0.724013311,1.15947177
1.145122047,1.620949746
-5.028622456,3.956566764
-5.221268406,4.022132527
-8.795421256,9.309971991
-6.12986303,8.880370616
5.195041067,5.474988738
5.631893471,5.710548532
5.651475135,5.054590566
-8.503108214,9.758842262
-8.701009946,9.580723076
-5.479032201,7.437167264
5.907419396,4.678126124
3.420948772,1.650674946
-8.458725494,9.351431225
5.805795578,4.582540503
-4.602035713,3.934237511
-8.116540411,9.417587646
-5.493271935,7.394986436
-4.964118585,3.515085646
-8.760290435,9.006522686
-8.651771665,9.047897067
-8.425302403,9.212195043
-5.203170144,3.819778513
-2.727755952,1.937645416
-3.545896663,2.089952129
-6.100183872,7.685242201
-9.449040196,9.438688266
5.752417651,5.100710368
-2.756460972,2.341519927
-6.569853494,8.24147995
-9.015724472,8.808141223
-5.398797436,3.331899327
-6.835521201,6.670984669
-1.492256418,2.086459397
5.945651617,5.345613512
-4.650962183,3.519182688
5.876287004,5.19120638
-5.111753251,8.277247832
-4.539325203,4.10049774
2.343552289,1.594082372
-4.193651544,3.967845476
-1.771883676,1.948282021
-7.172674722,7.661427732
-4.450689937,3.728508009
6.476210282,5.113625052
-1.717090886,2.45563776
-2.313433969,2.504167095
-5.490559929,7.758765998
-4.951682638,3.64943598
-1.992955034,2.829015057
5.880712633,5.709192122
-8.750496616,9.195233665
-5.204144676,3.946092459
-6.050120329,6.984021311
5.581864396,5.403596252
5.756804931,5.010453688
-5.437679885,7.249129467
-8.168029217,9.462350133
-2.987539634,2.716711098
5.721589075,5.063692072
-2.287616838,2.920152817
-5.005362293,7.932168225
-4.792301654,3.540908287
0.971600461,1.686611156
-4.973933938,9.347113508
-4.776411552,3.309418683
-7.954789582,9.869983026
3.522921843,2.496067765
1.737158615,0.679379786
5.643616369,5.164063834
-2.04815268,1.817734674
-5.186599948,7.262784233
-2.480542329,2.572742203
1.784381892,0.978302209
6.266493258,5.126670462
-4.467793255,3.646866805
-8.921671966,9.2846246
-8.666652612,9.267217205
-9.007833057,9.372840342
-2.324992971,2.570041268
5.383947574,5.309111187
5.593583,5.423664341
-6.500892728,7.326194863
-5.703304084,8.584389179
-1.662658685,1.674173331
-4.57347717,3.721789324
5.772162597,5.229895193
-1.505273657,2.868602419
-9.03429219,9.136367906
5.664746656,5.143654846
-6.349822726,6.319403856
-9.167500081,9.13931466
-2.508688641,1.287373807
5.813128065,5.463006513
-5.000145063,6.947476472
0.164832461,2.633988549
0.466091924,2.08464364
-2.307215825,1.345772278
-3.213596645,1.992632616
5.848799449,6.011610492
0.537568652,0.490986586
6.41699326,5.731818338
5.893450445,4.999035491
-4.781293679,7.233061389
-2.758765857,2.85552626
5.707928742,5.697973484
5.420572954,5.319027041
-4.52081215,3.624767759
-2.437403485,2.412425342
-5.205327484,3.723531901
-5.32807672,6.312042349
-5.421688114,8.159044391
0.137143563,1.433253732
-9.15526152,9.377823594
-5.687772048,7.354986411
-5.128801623,4.087853689
-5.82138604,6.464209464
-9.261347495,9.079534648
0.968771504,2.110568964
-8.09200112,9.404740185
-5.104200111,3.9095112
-8.611193289,9.962576638
-9.535638309,9.476650154
-9.125482782,8.957290171
-5.27949151,7.875946082
5.300114572,4.700964673
6.027989339,5.43964339
5.831798688,5.509368624
-6.474499282,9.077429744
-3.183372308,2.496987379
5.227318354,5.473563779
0.99579613,2.022426275
-2.437151705,2.073288501
5.052969306,5.435220381
5.635631831,5.637969246
-5.659246073,7.678514486
-9.187521763,9.281075954
1.497236675,1.643886622
-5.157603311,3.37645597
